id,client_visit_id,orig_hhm_id,first_name,last_name,middle_name,title,gender,pronouns,birthday,is_primary,relationship,id_number,id_type,organization_id,email_address,phone_number,orig_client_id
229311,119721,157,Jill,Franco,James,,Male,,1931-05-26,True,Self,,Not Available,745,wmurphy@example.org,001-795-382-3734x106,96
229312,119722,219,Andrea,Gibson,Maureen,,Male,,1948-12-05,True,Self,,Not Available,745,michael32@example.org,430-494-4699,137
229313,119723,223,Laura,Burns,,,Male,,1935-01-05,True,Self,,Not Available,745,austin43@example.org,732.223.5416x30460,140
229314,119724,245,Bryan,Stewart,,,Female,,1941-07-09,True,Self,,,745,qhoward@example.net,001-287-693-9925x95568,153
229315,119724,23224,Seth,Stewart,,,Male,,1941-03-04,False,Spouse,,,745,,,153
229316,119725,252,Jessica,Phillips,,,Male,,1981-05-08,True,Self,,,745,jennifer21@example.net,586-485-2800x080,158
229317,119726,175,Linda,Blake,,,Female,,1946-05-02,True,Self,,Not Available,745,,001-859-599-5787x71408,111
229318,119727,188,Theresa,Gardner,,,Female,,1944-05-03,True,Self,,Not Available,745,,999-360-0911x99266,121
229319,119728,190,Tabitha,Foster,,,Male,,1976-11-01,True,Self,,Not Available,745,,762.205.7669,123
229320,119729,171,Kristina,Murillo,,,Female,,1974-06-01,True,Self,,Not Available,745,,001-206-309-9627x92014,109
